,r2,r13,1
,r2,r25,1
,r2,r48,1
,r2,r57,1
,r2,r61,1
,r13,r25,1
,r13,r48,1
,r13,r57,1
,r13,r61,1
,r25,r48,1
,r25,r57,1
,r25,r61,1
,r48,r57,1
,r48,r61,1
,r57,r61,1
,r5,r28,1
,r5,r51,1
,r5,r54,1
,r5,r82,1
,r5,r91,1
,r28,r51,1
,r28,r54,1
,r28,r82,1
,r28,r91,1
,r51,r54,1
,r51,r82,1
,r51,r91,1
,r54,r82,1
,r54,r91,1
,r82,r91,1
,r8,r26,1
,r8,r29,1
,r8,r65,1
,r8,r67,1
,r8,r97,1
,r26,r29,1
,r26,r65,1
,r26,r67,1
,r26,r97,1
,r29,r65,1
,r29,r67,1
,r29,r97,1
,r65,r67,1
,r65,r97,1
,r67,r97,1
,r1,r7,1
,r1,r30,1
,r1,r43,1
,r1,r55,1
,r1,r95,1
,r7,r30,1
,r7,r43,1
,r7,r55,1
,r7,r95,1
,r30,r43,1
,r30,r55,1
,r30,r95,1
,r43,r55,1
,r43,r95,1
,r55,r95,1
,r6,r10,1
,r6,r22,1
,r6,r38,1
,r6,r63,1
,r6,r83,1
,r10,r22,1
,r10,r38,1
,r10,r63,1
,r10,r83,1
,r22,r38,1
,r22,r63,1
,r22,r83,1
,r38,r63,1
,r38,r83,1
,r63,r83,1
,r4,r32,1
,r4,r59,1
,r4,r64,1
,r4,r75,1
,r4,r81,1
,r32,r59,1
,r32,r64,1
,r32,r75,1
,r32,r81,1
,r59,r64,1
,r59,r75,1
,r59,r81,1
,r64,r75,1
,r64,r81,1
,r75,r81,1
,r11,r16,1
,r11,r21,1
,r11,r53,1
,r11,r69,1
,r11,r86,1
,r16,r21,1
,r16,r53,1
,r16,r69,1
,r16,r86,1
,r21,r53,1
,r21,r69,1
,r21,r86,1
,r53,r69,1
,r53,r86,1
,r69,r86,1
,r17,r18,1
,r17,r36,1
,r17,r62,1
,r17,r70,1
,r17,r85,1
,r18,r36,1
,r18,r62,1
,r18,r70,1
,r18,r85,1
,r36,r62,1
,r36,r70,1
,r36,r85,1
,r62,r70,1
,r62,r85,1
,r70,r85,1
,r0,r3,1
,r0,r23,1
,r0,r24,1
,r0,r56,1
,r0,r90,1
,r3,r23,1
,r3,r24,1
,r3,r56,1
,r3,r90,1
,r23,r24,1
,r23,r56,1
,r23,r90,1
,r24,r56,1
,r24,r90,1
,r56,r90,1
,r33,r37,1
,r33,r49,1
,r33,r78,1
,r33,r88,1
,r33,r99,1
,r37,r49,1
,r37,r78,1
,r37,r88,1
,r37,r99,1
,r49,r78,1
,r49,r88,1
,r49,r99,1
,r78,r88,1
,r78,r99,1
,r88,r99,1
,r27,r34,1
,r27,r41,1
,r27,r50,1
,r27,r66,1
,r27,r89,1
,r34,r41,1
,r34,r50,1
,r34,r66,1
,r34,r89,1
,r41,r50,1
,r41,r66,1
,r41,r89,1
,r50,r66,1
,r50,r89,1
,r66,r89,1
,r14,r35,1
,r14,r45,1
,r14,r72,1
,r14,r92,1
,r14,r96,1
,r35,r45,1
,r35,r72,1
,r35,r92,1
,r35,r96,1
,r45,r72,1
,r45,r92,1
,r45,r96,1
,r72,r92,1
,r72,r96,1
,r92,r96,1
,r39,r40,1
,r39,r42,1
,r39,r47,1
,r39,r73,1
,r39,r93,1
,r40,r42,1
,r40,r47,1
,r40,r73,1
,r40,r93,1
,r42,r47,1
,r42,r73,1
,r42,r93,1
,r47,r73,1
,r47,r93,1
,r73,r93,1
,r9,r15,1
,r9,r20,1
,r9,r31,1
,r9,r52,1
,r9,r87,1
,r15,r20,1
,r15,r31,1
,r15,r52,1
,r15,r87,1
,r20,r31,1
,r20,r52,1
,r20,r87,1
,r31,r52,1
,r31,r87,1
,r52,r87,1
,r19,r58,1
,r19,r71,1
,r19,r77,1
,r19,r84,1
,r19,r94,1
,r58,r71,1
,r58,r77,1
,r58,r84,1
,r58,r94,1
,r71,r77,1
,r71,r84,1
,r71,r94,1
,r77,r84,1
,r77,r94,1
,r84,r94,1
,r44,r68,1
,r44,r76,1
,r44,r79,1
,r44,r80,1
,r44,r98,1
,r68,r76,1
,r68,r79,1
,r68,r80,1
,r68,r98,1
,r76,r79,1
,r76,r80,1
,r76,r98,1
,r79,r80,1
,r79,r98,1
,r80,r98,1
,r14,r24,1
,r14,r36,1
,r14,r55,1
,r14,r56,1
,r14,r74,1
,r24,r36,1
,r24,r55,1
,r24,r56,1
,r24,r74,1
,r36,r55,1
,r36,r56,1
,r36,r74,1
,r55,r56,1
,r55,r74,1
,r56,r74,1
,r8,r17,1
,r8,r25,1
,r8,r28,1
,r8,r33,1
,r8,r77,1
,r17,r25,1
,r17,r28,1
,r17,r33,1
,r17,r77,1
,r25,r28,1
,r25,r33,1
,r25,r77,1
,r28,r33,1
,r28,r77,1
,r33,r77,1
,r7,r31,1
,r7,r51,1
,r7,r54,1
,r7,r58,1
,r7,r86,1
,r31,r51,1
,r31,r54,1
,r31,r58,1
,r31,r86,1
,r51,r54,1
,r51,r58,1
,r51,r86,1
,r54,r58,1
,r54,r86,1
,r58,r86,1
,r18,r39,1
,r18,r63,1
,r18,r64,1
,r18,r83,1
,r18,r98,1
,r39,r63,1
,r39,r64,1
,r39,r83,1
,r39,r98,1
,r63,r64,1
,r63,r83,1
,r63,r98,1
,r64,r83,1
,r64,r98,1
,r83,r98,1
,r34,r37,1
,r34,r48,1
,r34,r59,1
,r34,r60,1
,r34,r68,1
,r37,r48,1
,r37,r59,1
,r37,r60,1
,r37,r68,1
,r48,r59,1
,r48,r60,1
,r48,r68,1
,r59,r60,1
,r59,r68,1
,r60,r68,1
,r3,r19,1
,r3,r27,1
,r3,r46,1
,r3,r67,1
,r3,r87,1
,r19,r27,1
,r19,r46,1
,r19,r67,1
,r19,r87,1
,r27,r46,1
,r27,r67,1
,r27,r87,1
,r46,r67,1
,r46,r87,1
,r67,r87,1
,r13,r49,1
,r13,r75,1
,r13,r79,1
,r13,r94,1
,r13,r97,1
,r49,r75,1
,r49,r79,1
,r49,r94,1
,r49,r97,1
,r75,r79,1
,r75,r94,1
,r75,r97,1
,r79,r94,1
,r79,r97,1
,r94,r97,1
,r2,r10,1
,r2,r16,1
,r2,r21,1
,r2,r40,1
,r2,r95,1
,r10,r16,1
,r10,r21,1
,r10,r40,1
,r10,r95,1
,r16,r21,1
,r16,r40,1
,r16,r95,1
,r21,r40,1
,r21,r95,1
,r40,r95,1
,r5,r26,1
,r5,r46,1
,r5,r62,1
,r5,r69,1
,r5,r93,1
,r26,r46,1
,r26,r62,1
,r26,r69,1
,r26,r93,1
,r46,r62,1
,r46,r69,1
,r46,r93,1
,r62,r69,1
,r62,r93,1
,r69,r93,1
,r1,r29,1
,r1,r45,1
,r1,r81,1
,r1,r82,1
,r1,r85,1
,r29,r45,1
,r29,r81,1
,r29,r82,1
,r29,r85,1
,r45,r81,1
,r45,r82,1
,r45,r85,1
,r81,r82,1
,r81,r85,1
,r82,r85,1
,r4,r15,1
,r4,r42,1
,r4,r43,1
,r4,r47,1
,r4,r76,1
,r15,r42,1
,r15,r43,1
,r15,r47,1
,r15,r76,1
,r42,r43,1
,r42,r47,1
,r42,r76,1
,r43,r47,1
,r43,r76,1
,r47,r76,1
,r38,r65,1
,r38,r70,1
,r38,r72,1
,r38,r91,1
,r38,r92,1
,r65,r70,1
,r65,r72,1
,r65,r91,1
,r65,r92,1
,r70,r72,1
,r70,r91,1
,r70,r92,1
,r72,r91,1
,r72,r92,1
,r91,r92,1
,r32,r41,1
,r32,r52,1
,r32,r57,1
,r32,r71,1
,r32,r90,1
,r41,r52,1
,r41,r57,1
,r41,r71,1
,r41,r90,1
,r52,r57,1
,r52,r71,1
,r52,r90,1
,r57,r71,1
,r57,r90,1
,r71,r90,1
,r0,r66,1
,r0,r74,1
,r0,r84,1
,r0,r88,1
,r0,r99,1
,r66,r74,1
,r66,r84,1
,r66,r88,1
,r66,r99,1
,r74,r84,1
,r74,r88,1
,r74,r99,1
,r84,r88,1
,r84,r99,1
,r88,r99,1
,r6,r23,1
,r6,r44,1
,r6,r50,1
,r6,r61,1
,r6,r80,1
,r23,r44,1
,r23,r50,1
,r23,r61,1
,r23,r80,1
,r44,r50,1
,r44,r61,1
,r44,r80,1
,r50,r61,1
,r50,r80,1
,r61,r80,1
,r9,r12,1
,r9,r22,1
,r9,r53,1
,r9,r60,1
,r9,r89,1
,r12,r22,1
,r12,r53,1
,r12,r60,1
,r12,r89,1
,r22,r53,1
,r22,r60,1
,r22,r89,1
,r53,r60,1
,r53,r89,1
,r60,r89,1
,r11,r12,1
,r11,r20,1
,r11,r30,1
,r11,r35,1
,r11,r78,1
,r12,r20,1
,r12,r30,1
,r12,r35,1
,r12,r78,1
,r20,r30,1
,r20,r35,1
,r20,r78,1
,r30,r35,1
,r30,r78,1
,r35,r78,1
,r9,r10,1
,r9,r14,1
,r9,r63,1
,r9,r77,1
,r9,r80,1
,r10,r14,1
,r10,r63,1
,r10,r77,1
,r10,r80,1
,r14,r63,1
,r14,r77,1
,r14,r80,1
,r63,r77,1
,r63,r80,1
,r77,r80,1
,r34,r40,1
,r34,r43,1
,r34,r52,1
,r34,r69,1
,r34,r98,1
,r40,r43,1
,r40,r52,1
,r40,r69,1
,r40,r98,1
,r43,r52,1
,r43,r69,1
,r43,r98,1
,r52,r69,1
,r52,r98,1
,r69,r98,1
,r5,r36,1
,r5,r60,1
,r5,r64,1
,r5,r73,1
,r5,r99,1
,r36,r60,1
,r36,r64,1
,r36,r73,1
,r36,r99,1
,r60,r64,1
,r60,r73,1
,r60,r99,1
,r64,r73,1
,r64,r99,1
,r73,r99,1
,r26,r28,1
,r26,r31,1
,r26,r39,1
,r26,r47,1
,r26,r57,1
,r28,r31,1
,r28,r39,1
,r28,r47,1
,r28,r57,1
,r31,r39,1
,r31,r47,1
,r31,r57,1
,r39,r47,1
,r39,r57,1
,r47,r57,1
,r8,r25,1
,r8,r61,1
,r8,r72,1
,r8,r84,1
,r8,r88,1
,r25,r61,1
,r25,r72,1
,r25,r84,1
,r25,r88,1
,r61,r72,1
,r61,r84,1
,r61,r88,1
,r72,r84,1
,r72,r88,1
,r84,r88,1
,r1,r29,1
,r1,r50,1
,r1,r54,1
,r1,r87,1
,r1,r90,1
,r29,r50,1
,r29,r54,1
,r29,r87,1
,r29,r90,1
,r50,r54,1
,r50,r87,1
,r50,r90,1
,r54,r87,1
,r54,r90,1
,r87,r90,1
,r3,r23,1
,r3,r24,1
,r3,r38,1
,r3,r42,1
,r3,r55,1
,r23,r24,1
,r23,r38,1
,r23,r42,1
,r23,r55,1
,r24,r38,1
,r24,r42,1
,r24,r55,1
,r38,r42,1
,r38,r55,1
,r42,r55,1
,r11,r27,1
,r11,r30,1
,r11,r41,1
,r11,r67,1
,r11,r89,1
,r27,r30,1
,r27,r41,1
,r27,r67,1
,r27,r89,1
,r30,r41,1
,r30,r67,1
,r30,r89,1
,r41,r67,1
,r41,r89,1
,r67,r89,1
,r7,r22,1
,r7,r51,1
,r7,r68,1
,r7,r74,1
,r7,r92,1
,r22,r51,1
,r22,r68,1
,r22,r74,1
,r22,r92,1
,r51,r68,1
,r51,r74,1
,r51,r92,1
,r68,r74,1
,r68,r92,1
,r74,r92,1
,r13,r37,1
,r13,r49,1
,r13,r79,1
,r13,r83,1
,r13,r86,1
,r37,r49,1
,r37,r79,1
,r37,r83,1
,r37,r86,1
,r49,r79,1
,r49,r83,1
,r49,r86,1
,r79,r83,1
,r79,r86,1
,r83,r86,1
,r2,r17,1
,r2,r18,1
,r2,r32,1
,r2,r46,1
,r2,r73,1
,r17,r18,1
,r17,r32,1
,r17,r46,1
,r17,r73,1
,r18,r32,1
,r18,r46,1
,r18,r73,1
,r32,r46,1
,r32,r73,1
,r46,r73,1
,r6,r15,1
,r6,r33,1
,r6,r44,1
,r6,r93,1
,r6,r96,1
,r15,r33,1
,r15,r44,1
,r15,r93,1
,r15,r96,1
,r33,r44,1
,r33,r93,1
,r33,r96,1
,r44,r93,1
,r44,r96,1
,r93,r96,1
,r12,r16,1
,r12,r19,1
,r12,r75,1
,r12,r78,1
,r12,r91,1
,r16,r19,1
,r16,r75,1
,r16,r78,1
,r16,r91,1
,r19,r75,1
,r19,r78,1
,r19,r91,1
,r75,r78,1
,r75,r91,1
,r78,r91,1
,r4,r21,1
,r4,r45,1
,r4,r48,1
,r4,r66,1
,r4,r81,1
,r21,r45,1
,r21,r48,1
,r21,r66,1
,r21,r81,1
,r45,r48,1
,r45,r66,1
,r45,r81,1
,r48,r66,1
,r48,r81,1
,r66,r81,1
,r0,r62,1
,r0,r70,1
,r0,r76,1
,r0,r82,1
,r0,r97,1
,r62,r70,1
,r62,r76,1
,r62,r82,1
,r62,r97,1
,r70,r76,1
,r70,r82,1
,r70,r97,1
,r76,r82,1
,r76,r97,1
,r82,r97,1
,r20,r56,1
,r20,r58,1
,r20,r59,1
,r20,r65,1
,r20,r71,1
,r56,r58,1
,r56,r59,1
,r56,r65,1
,r56,r71,1
,r58,r59,1
,r58,r65,1
,r58,r71,1
,r59,r65,1
,r59,r71,1
,r65,r71,1
,r35,r53,1
,r35,r85,1
,r35,r94,1
,r35,r95,1
,r35,r96,1
,r53,r85,1
,r53,r94,1
,r53,r95,1
,r53,r96,1
,r85,r94,1
,r85,r95,1
,r85,r96,1
,r94,r95,1
,r94,r96,1
,r95,r96,1
,r15,r23,1
,r15,r46,1
,r15,r56,1
,r15,r66,1
,r15,r67,1
,r23,r46,1
,r23,r56,1
,r23,r66,1
,r23,r67,1
,r46,r56,1
,r46,r66,1
,r46,r67,1
,r56,r66,1
,r56,r67,1
,r66,r67,1
,r2,r19,1
,r2,r28,1
,r2,r31,1
,r2,r43,1
,r2,r87,1
,r19,r28,1
,r19,r31,1
,r19,r43,1
,r19,r87,1
,r28,r31,1
,r28,r43,1
,r28,r87,1
,r31,r43,1
,r31,r87,1
,r43,r87,1
,r40,r48,1
,r40,r59,1
,r40,r61,1
,r40,r63,1
,r40,r70,1
,r48,r59,1
,r48,r61,1
,r48,r63,1
,r48,r70,1
,r59,r61,1
,r59,r63,1
,r59,r70,1
,r61,r63,1
,r61,r70,1
,r63,r70,1
,r14,r32,1
,r14,r38,1
,r14,r54,1
,r14,r68,1
,r14,r84,1
,r32,r38,1
,r32,r54,1
,r32,r68,1
,r32,r84,1
,r38,r54,1
,r38,r68,1
,r38,r84,1
,r54,r68,1
,r54,r84,1
,r68,r84,1
,r8,r18,1
,r8,r21,1
,r8,r27,1
,r8,r71,1
,r8,r72,1
,r18,r21,1
,r18,r27,1
,r18,r71,1
,r18,r72,1
,r21,r27,1
,r21,r71,1
,r21,r72,1
,r27,r71,1
,r27,r72,1
,r71,r72,1
,r0,r22,1
,r0,r52,1
,r0,r62,1
,r0,r77,1
,r0,r81,1
,r22,r52,1
,r22,r62,1
,r22,r77,1
,r22,r81,1
,r52,r62,1
,r52,r77,1
,r52,r81,1
,r62,r77,1
,r62,r81,1
,r77,r81,1
,r5,r37,1
,r5,r39,1
,r5,r83,1
,r5,r86,1
,r5,r89,1
,r37,r39,1
,r37,r83,1
,r37,r86,1
,r37,r89,1
,r39,r83,1
,r39,r86,1
,r39,r89,1
,r83,r86,1
,r83,r89,1
,r86,r89,1
,r17,r25,1
,r17,r29,1
,r17,r36,1
,r17,r90,1
,r17,r95,1
,r25,r29,1
,r25,r36,1
,r25,r90,1
,r25,r95,1
,r29,r36,1
,r29,r90,1
,r29,r95,1
,r36,r90,1
,r36,r95,1
,r90,r95,1
,r24,r35,1
,r24,r50,1
,r24,r51,1
,r24,r73,1
,r24,r74,1
,r35,r50,1
,r35,r51,1
,r35,r73,1
,r35,r74,1
,r50,r51,1
,r50,r73,1
,r50,r74,1
,r51,r73,1
,r51,r74,1
,r73,r74,1
,r1,r3,1
,r1,r10,1
,r1,r30,1
,r1,r64,1
,r1,r79,1
,r3,r10,1
,r3,r30,1
,r3,r64,1
,r3,r79,1
,r10,r30,1
,r10,r64,1
,r10,r79,1
,r30,r64,1
,r30,r79,1
,r64,r79,1
,r12,r13,1
,r12,r16,1
,r12,r45,1
,r12,r82,1
,r12,r85,1
,r13,r16,1
,r13,r45,1
,r13,r82,1
,r13,r85,1
,r16,r45,1
,r16,r82,1
,r16,r85,1
,r45,r82,1
,r45,r85,1
,r82,r85,1
,r7,r33,1
,r7,r42,1
,r7,r47,1
,r7,r80,1
,r7,r88,1
,r33,r42,1
,r33,r47,1
,r33,r80,1
,r33,r88,1
,r42,r47,1
,r42,r80,1
,r42,r88,1
,r47,r80,1
,r47,r88,1
,r80,r88,1
,r11,r34,1
,r11,r76,1
,r11,r96,1
,r11,r97,1
,r11,r99,1
,r34,r76,1
,r34,r96,1
,r34,r97,1
,r34,r99,1
,r76,r96,1
,r76,r97,1
,r76,r99,1
,r96,r97,1
,r96,r99,1
,r97,r99,1
,r4,r20,1
,r4,r44,1
,r4,r49,1
,r4,r78,1
,r4,r93,1
,r20,r44,1
,r20,r49,1
,r20,r78,1
,r20,r93,1
,r44,r49,1
,r44,r78,1
,r44,r93,1
,r49,r78,1
,r49,r93,1
,r78,r93,1
,r9,r53,1
,r9,r60,1
,r9,r69,1
,r9,r92,1
,r9,r94,1
,r53,r60,1
,r53,r69,1
,r53,r92,1
,r53,r94,1
,r60,r69,1
,r60,r92,1
,r60,r94,1
,r69,r92,1
,r69,r94,1
,r92,r94,1
,r26,r41,1
,r26,r55,1
,r26,r58,1
,r26,r75,1
,r26,r98,1
,r41,r55,1
,r41,r58,1
,r41,r75,1
,r41,r98,1
,r55,r58,1
,r55,r75,1
,r55,r98,1
,r58,r75,1
,r58,r98,1
,r75,r98,1
,r4,r10,1
,r4,r19,1
,r4,r38,1
,r4,r45,1
,r4,r59,1
,r10,r19,1
,r10,r38,1
,r10,r45,1
,r10,r59,1
,r19,r38,1
,r19,r45,1
,r19,r59,1
,r38,r45,1
,r38,r59,1
,r45,r59,1
,r54,r72,1
,r54,r76,1
,r54,r79,1
,r54,r83,1
,r54,r85,1
,r72,r76,1
,r72,r79,1
,r72,r83,1
,r72,r85,1
,r76,r79,1
,r76,r83,1
,r76,r85,1
,r79,r83,1
,r79,r85,1
,r83,r85,1
,r26,r47,1
,r26,r57,1
,r26,r69,1
,r26,r75,1
,r26,r77,1
,r47,r57,1
,r47,r69,1
,r47,r75,1
,r47,r77,1
,r57,r69,1
,r57,r75,1
,r57,r77,1
,r69,r75,1
,r69,r77,1
,r75,r77,1
,r12,r35,1
,r12,r46,1
,r12,r53,1
,r12,r73,1
,r12,r88,1
,r35,r46,1
,r35,r53,1
,r35,r73,1
,r35,r88,1
,r46,r53,1
,r46,r73,1
,r46,r88,1
,r53,r73,1
,r53,r88,1
,r73,r88,1
,r2,r27,1
,r2,r42,1
,r2,r49,1
,r2,r81,1
,r2,r95,1
,r27,r42,1
,r27,r49,1
,r27,r81,1
,r27,r95,1
,r42,r49,1
,r42,r81,1
,r42,r95,1
,r49,r81,1
,r49,r95,1
,r81,r95,1
,r17,r18,1
,r17,r32,1
,r17,r33,1
,r17,r68,1
,r17,r99,1
,r18,r32,1
,r18,r33,1
,r18,r68,1
,r18,r99,1
,r32,r33,1
,r32,r68,1
,r32,r99,1
,r33,r68,1
,r33,r99,1
,r68,r99,1
,r5,r8,1
,r5,r20,1
,r5,r80,1
,r5,r84,1
,r5,r96,1
,r8,r20,1
,r8,r80,1
,r8,r84,1
,r8,r96,1
,r20,r80,1
,r20,r84,1
,r20,r96,1
,r80,r84,1
,r80,r96,1
,r84,r96,1
,r7,r11,1
,r7,r30,1
,r7,r31,1
,r7,r67,1
,r7,r90,1
,r11,r30,1
,r11,r31,1
,r11,r67,1
,r11,r90,1
,r30,r31,1
,r30,r67,1
,r30,r90,1
,r31,r67,1
,r31,r90,1
,r67,r90,1
,r15,r55,1
,r15,r63,1
,r15,r65,1
,r15,r66,1
,r15,r70,1
,r55,r63,1
,r55,r65,1
,r55,r66,1
,r55,r70,1
,r63,r65,1
,r63,r66,1
,r63,r70,1
,r65,r66,1
,r65,r70,1
,r66,r70,1
,r9,r62,1
,r9,r87,1
,r9,r93,1
,r9,r97,1
,r9,r98,1
,r62,r87,1
,r62,r93,1
,r62,r97,1
,r62,r98,1
,r87,r93,1
,r87,r97,1
,r87,r98,1
,r93,r97,1
,r93,r98,1
,r97,r98,1
,r44,r50,1
,r44,r52,1
,r44,r57,1
,r44,r78,1
,r44,r91,1
,r50,r52,1
,r50,r57,1
,r50,r78,1
,r50,r91,1
,r52,r57,1
,r52,r78,1
,r52,r91,1
,r57,r78,1
,r57,r91,1
,r78,r91,1
,r24,r39,1
,r24,r40,1
,r24,r43,1
,r24,r89,1
,r24,r94,1
,r39,r40,1
,r39,r43,1
,r39,r89,1
,r39,r94,1
,r40,r43,1
,r40,r89,1
,r40,r94,1
,r43,r89,1
,r43,r94,1
,r89,r94,1
,r22,r37,1
,r22,r41,1
,r22,r64,1
,r22,r71,1
,r22,r91,1
,r37,r41,1
,r37,r64,1
,r37,r71,1
,r37,r91,1
,r41,r64,1
,r41,r71,1
,r41,r91,1
,r64,r71,1
,r64,r91,1
,r71,r91,1
,r1,r25,1
,r1,r60,1
,r1,r74,1
,r1,r82,1
,r1,r86,1
,r25,r60,1
,r25,r74,1
,r25,r82,1
,r25,r86,1
,r60,r74,1
,r60,r82,1
,r60,r86,1
,r74,r82,1
,r74,r86,1
,r82,r86,1
,r6,r34,1
,r6,r56,1
,r6,r58,1
,r6,r61,1
,r6,r65,1
,r34,r56,1
,r34,r58,1
,r34,r61,1
,r34,r65,1
,r56,r58,1
,r56,r61,1
,r56,r65,1
,r58,r61,1
,r58,r65,1
,r61,r65,1
,r13,r21,1
,r13,r29,1
,r13,r36,1
,r13,r48,1
,r13,r51,1
,r21,r29,1
,r21,r36,1
,r21,r48,1
,r21,r51,1
,r29,r36,1
,r29,r48,1
,r29,r51,1
,r36,r48,1
,r36,r51,1
,r48,r51,1
,r0,r6,1
,r0,r14,1
,r0,r16,1
,r0,r28,1
,r0,r92,1
,r6,r14,1
,r6,r16,1
,r6,r28,1
,r6,r92,1
,r14,r16,1
,r14,r28,1
,r14,r92,1
,r16,r28,1
,r16,r92,1
,r28,r92,1
,r5,r36,1
,r5,r57,1
,r5,r59,1
,r5,r82,1
,r5,r88,1
,r36,r57,1
,r36,r59,1
,r36,r82,1
,r36,r88,1
,r57,r59,1
,r57,r82,1
,r57,r88,1
,r59,r82,1
,r59,r88,1
,r82,r88,1
,r11,r53,1
,r11,r61,1
,r11,r90,1
,r11,r91,1
,r11,r98,1
,r53,r61,1
,r53,r90,1
,r53,r91,1
,r53,r98,1
,r61,r90,1
,r61,r91,1
,r61,r98,1
,r90,r91,1
,r90,r98,1
,r91,r98,1
,r21,r28,1
,r21,r34,1
,r21,r52,1
,r21,r72,1
,r21,r77,1
,r28,r34,1
,r28,r52,1
,r28,r72,1
,r28,r77,1
,r34,r52,1
,r34,r72,1
,r34,r77,1
,r52,r72,1
,r52,r77,1
,r72,r77,1
,r6,r9,1
,r6,r44,1
,r6,r51,1
,r6,r81,1
,r6,r84,1
,r9,r44,1
,r9,r51,1
,r9,r81,1
,r9,r84,1
,r44,r51,1
,r44,r81,1
,r44,r84,1
,r51,r81,1
,r51,r84,1
,r81,r84,1
,r14,r19,1
,r14,r20,1
,r14,r22,1
,r14,r27,1
,r14,r73,1
,r19,r20,1
,r19,r22,1
,r19,r27,1
,r19,r73,1
,r20,r22,1
,r20,r27,1
,r20,r73,1
,r22,r27,1
,r22,r73,1
,r27,r73,1
,r1,r32,1
,r1,r35,1
,r1,r37,1
,r1,r69,1
,r1,r92,1
,r32,r35,1
,r32,r37,1
,r32,r69,1
,r32,r92,1
,r35,r37,1
,r35,r69,1
,r35,r92,1
,r37,r69,1
,r37,r92,1
,r69,r92,1
,r15,r18,1
,r15,r26,1
,r15,r49,1
,r15,r70,1
,r15,r71,1
,r18,r26,1
,r18,r49,1
,r18,r70,1
,r18,r71,1
,r26,r49,1
,r26,r70,1
,r26,r71,1
,r49,r70,1
,r49,r71,1
,r70,r71,1
,r12,r41,1
,r12,r66,1
,r12,r67,1
,r12,r75,1
,r12,r80,1
,r41,r66,1
,r41,r67,1
,r41,r75,1
,r41,r80,1
,r66,r67,1
,r66,r75,1
,r66,r80,1
,r67,r75,1
,r67,r80,1
,r75,r80,1
,r2,r3,1
,r2,r7,1
,r2,r54,1
,r2,r55,1
,r2,r58,1
,r3,r7,1
,r3,r54,1
,r3,r55,1
,r3,r58,1
,r7,r54,1
,r7,r55,1
,r7,r58,1
,r54,r55,1
,r54,r58,1
,r55,r58,1
,r25,r46,1
,r25,r56,1
,r25,r68,1
,r25,r83,1
,r25,r87,1
,r46,r56,1
,r46,r68,1
,r46,r83,1
,r46,r87,1
,r56,r68,1
,r56,r83,1
,r56,r87,1
,r68,r83,1
,r68,r87,1
,r83,r87,1
,r47,r50,1
,r47,r64,1
,r47,r78,1
,r47,r79,1
,r47,r99,1
,r50,r64,1
,r50,r78,1
,r50,r79,1
,r50,r99,1
,r64,r78,1
,r64,r79,1
,r64,r99,1
,r78,r79,1
,r78,r99,1
,r79,r99,1
,r3,r8,1
,r3,r24,1
,r3,r30,1
,r3,r43,1
,r3,r63,1
,r8,r24,1
,r8,r30,1
,r8,r43,1
,r8,r63,1
,r24,r30,1
,r24,r43,1
,r24,r63,1
,r30,r43,1
,r30,r63,1
,r43,r63,1
,r4,r45,1
,r4,r48,1
,r4,r60,1
,r4,r65,1
,r4,r85,1
,r45,r48,1
,r45,r60,1
,r45,r65,1
,r45,r85,1
,r48,r60,1
,r48,r65,1
,r48,r85,1
,r60,r65,1
,r60,r85,1
,r65,r85,1
,r13,r16,1
,r13,r31,1
,r13,r74,1
,r13,r93,1
,r13,r96,1
,r16,r31,1
,r16,r74,1
,r16,r93,1
,r16,r96,1
,r31,r74,1
,r31,r93,1
,r31,r96,1
,r74,r93,1
,r74,r96,1
,r93,r96,1
,r17,r38,1
,r17,r39,1
,r17,r76,1
,r17,r94,1
,r17,r97,1
,r38,r39,1
,r38,r76,1
,r38,r94,1
,r38,r97,1
,r39,r76,1
,r39,r94,1
,r39,r97,1
,r76,r94,1
,r76,r97,1
,r94,r97,1
,r0,r29,1
,r0,r33,1
,r0,r42,1
,r0,r86,1
,r0,r95,1
,r29,r33,1
,r29,r42,1
,r29,r86,1
,r29,r95,1
,r33,r42,1
,r33,r86,1
,r33,r95,1
,r42,r86,1
,r42,r95,1
,r86,r95,1
,r5,r14,1
,r5,r18,1
,r5,r61,1
,r5,r84,1
,r5,r90,1
,r14,r18,1
,r14,r61,1
,r14,r84,1
,r14,r90,1
,r18,r61,1
,r18,r84,1
,r18,r90,1
,r61,r84,1
,r61,r90,1
,r84,r90,1
,r8,r16,1
,r8,r35,1
,r8,r44,1
,r8,r55,1
,r8,r78,1
,r16,r35,1
,r16,r44,1
,r16,r55,1
,r16,r78,1
,r35,r44,1
,r35,r55,1
,r35,r78,1
,r44,r55,1
,r44,r78,1
,r55,r78,1
,r29,r46,1
,r29,r62,1
,r29,r77,1
,r29,r81,1
,r29,r89,1
,r46,r62,1
,r46,r77,1
,r46,r81,1
,r46,r89,1
,r62,r77,1
,r62,r81,1
,r62,r89,1
,r77,r81,1
,r77,r89,1
,r81,r89,1
,r4,r12,1
,r4,r15,1
,r4,r20,1
,r4,r68,1
,r4,r91,1
,r12,r15,1
,r12,r20,1
,r12,r68,1
,r12,r91,1
,r15,r20,1
,r15,r68,1
,r15,r91,1
,r20,r68,1
,r20,r91,1
,r68,r91,1
,r7,r23,1
,r7,r38,1
,r7,r39,1
,r7,r80,1
,r7,r98,1
,r23,r38,1
,r23,r39,1
,r23,r80,1
,r23,r98,1
,r38,r39,1
,r38,r80,1
,r38,r98,1
,r39,r80,1
,r39,r98,1
,r80,r98,1
,r26,r31,1
,r26,r45,1
,r26,r50,1
,r26,r60,1
,r26,r96,1
,r31,r45,1
,r31,r50,1
,r31,r60,1
,r31,r96,1
,r45,r50,1
,r45,r60,1
,r45,r96,1
,r50,r60,1
,r50,r96,1
,r60,r96,1
,r10,r37,1
,r10,r51,1
,r10,r63,1
,r10,r85,1
,r10,r92,1
,r37,r51,1
,r37,r63,1
,r37,r85,1
,r37,r92,1
,r51,r63,1
,r51,r85,1
,r51,r92,1
,r63,r85,1
,r63,r92,1
,r85,r92,1
,r1,r10,1
,r1,r21,1
,r1,r40,1
,r1,r49,1
,r1,r72,1
,r10,r21,1
,r10,r40,1
,r10,r49,1
,r10,r72,1
,r21,r40,1
,r21,r49,1
,r21,r72,1
,r40,r49,1
,r40,r72,1
,r49,r72,1
,r27,r53,1
,r27,r65,1
,r27,r71,1
,r27,r82,1
,r27,r93,1
,r53,r65,1
,r53,r71,1
,r53,r82,1
,r53,r93,1
,r65,r71,1
,r65,r82,1
,r65,r93,1
,r71,r82,1
,r71,r93,1
,r82,r93,1
,r11,r36,1
,r11,r47,1
,r11,r52,1
,r11,r56,1
,r11,r99,1
,r36,r47,1
,r36,r52,1
,r36,r56,1
,r36,r99,1
,r47,r52,1
,r47,r56,1
,r47,r99,1
,r52,r56,1
,r52,r99,1
,r56,r99,1
,r22,r34,1
,r22,r41,1
,r22,r59,1
,r22,r87,1
,r22,r89,1
,r34,r41,1
,r34,r59,1
,r34,r87,1
,r34,r89,1
,r41,r59,1
,r41,r87,1
,r41,r89,1
,r59,r87,1
,r59,r89,1
,r87,r89,1
,r28,r30,1
,r28,r62,1
,r28,r66,1
,r28,r75,1
,r28,r95,1
,r30,r62,1
,r30,r66,1
,r30,r75,1
,r30,r95,1
,r62,r66,1
,r62,r75,1
,r62,r95,1
,r66,r75,1
,r66,r95,1
,r75,r95,1
,r19,r40,1
,r19,r43,1
,r19,r54,1
,r19,r73,1
,r19,r74,1
,r40,r43,1
,r40,r54,1
,r40,r73,1
,r40,r74,1
,r43,r54,1
,r43,r73,1
,r43,r74,1
,r54,r73,1
,r54,r74,1
,r73,r74,1
,r3,r24,1
,r3,r58,1
,r3,r69,1
,r3,r76,1
,r3,r86,1
,r24,r58,1
,r24,r69,1
,r24,r76,1
,r24,r86,1
,r58,r69,1
,r58,r76,1
,r58,r86,1
,r69,r76,1
,r69,r86,1
,r76,r86,1
,r13,r25,1
,r13,r64,1
,r13,r70,1
,r13,r88,1
,r13,r97,1
,r25,r64,1
,r25,r70,1
,r25,r88,1
,r25,r97,1
,r64,r70,1
,r64,r88,1
,r64,r97,1
,r70,r88,1
,r70,r97,1
,r88,r97,1
,r6,r17,1
,r6,r42,1
,r6,r48,1
,r6,r57,1
,r6,r94,1
,r17,r42,1
,r17,r48,1
,r17,r57,1
,r17,r94,1
,r42,r48,1
,r42,r57,1
,r42,r94,1
,r48,r57,1
,r48,r94,1
,r57,r94,1
,r9,r23,1
,r9,r32,1
,r9,r33,1
,r9,r67,1
,r9,r83,1
,r23,r32,1
,r23,r33,1
,r23,r67,1
,r23,r83,1
,r32,r33,1
,r32,r67,1
,r32,r83,1
,r33,r67,1
,r33,r83,1
,r67,r83,1
,r41,r63,1
,r41,r64,1
,r41,r69,1
,r41,r78,1
,r41,r88,1
,r63,r64,1
,r63,r69,1
,r63,r78,1
,r63,r88,1
,r64,r69,1
,r64,r78,1
,r64,r88,1
,r69,r78,1
,r69,r88,1
,r78,r88,1
,r0,r23,1
,r0,r35,1
,r0,r39,1
,r0,r49,1
,r0,r61,1
,r23,r35,1
,r23,r39,1
,r23,r49,1
,r23,r61,1
,r35,r39,1
,r35,r49,1
,r35,r61,1
,r39,r49,1
,r39,r61,1
,r49,r61,1
,r0,r34,1
,r0,r56,1
,r0,r72,1
,r0,r79,1
,r0,r98,1
,r34,r56,1
,r34,r72,1
,r34,r79,1
,r34,r98,1
,r56,r72,1
,r56,r79,1
,r56,r98,1
,r72,r79,1
,r72,r98,1
,r79,r98,1
,r2,r22,1
,r2,r36,1
,r2,r42,1
,r2,r55,1
,r2,r79,1
,r22,r36,1
,r22,r42,1
,r22,r55,1
,r22,r79,1
,r36,r42,1
,r36,r55,1
,r36,r79,1
,r42,r55,1
,r42,r79,1
,r55,r79,1
,r11,r12,1
,r11,r26,1
,r11,r30,1
,r11,r67,1
,r11,r97,1
,r12,r26,1
,r12,r30,1
,r12,r67,1
,r12,r97,1
,r26,r30,1
,r26,r67,1
,r26,r97,1
,r30,r67,1
,r30,r97,1
,r67,r97,1
,r5,r9,1
,r5,r16,1
,r5,r24,1
,r5,r87,1
,r5,r91,1
,r9,r16,1
,r9,r24,1
,r9,r87,1
,r9,r91,1
,r16,r24,1
,r16,r87,1
,r16,r91,1
,r24,r87,1
,r24,r91,1
,r87,r91,1
,r10,r15,1
,r10,r19,1
,r10,r38,1
,r10,r62,1
,r10,r81,1
,r15,r19,1
,r15,r38,1
,r15,r62,1
,r15,r81,1
,r19,r38,1
,r19,r62,1
,r19,r81,1
,r38,r62,1
,r38,r81,1
,r62,r81,1
,r1,r3,1
,r1,r45,1
,r1,r65,1
,r1,r77,1
,r1,r99,1
,r3,r45,1
,r3,r65,1
,r3,r77,1
,r3,r99,1
,r45,r65,1
,r45,r77,1
,r45,r99,1
,r65,r77,1
,r65,r99,1
,r77,r99,1
,r7,r20,1
,r7,r23,1
,r7,r57,1
,r7,r70,1
,r7,r84,1
,r20,r23,1
,r20,r57,1
,r20,r70,1
,r20,r84,1
,r23,r57,1
,r23,r70,1
,r23,r84,1
,r57,r70,1
,r57,r84,1
,r70,r84,1
,r2,r14,1
,r2,r48,1
,r2,r54,1
,r2,r60,1
,r2,r90,1
,r14,r48,1
,r14,r54,1
,r14,r60,1
,r14,r90,1
,r48,r54,1
,r48,r60,1
,r48,r90,1
,r54,r60,1
,r54,r90,1
,r60,r90,1
,r4,r27,1
,r4,r46,1
,r4,r58,1
,r4,r73,1
,r4,r86,1
,r27,r46,1
,r27,r58,1
,r27,r73,1
,r27,r86,1
,r46,r58,1
,r46,r73,1
,r46,r86,1
,r58,r73,1
,r58,r86,1
,r73,r86,1
,r31,r66,1
,r31,r74,1
,r31,r76,1
,r31,r92,1
,r31,r93,1
,r66,r74,1
,r66,r76,1
,r66,r92,1
,r66,r93,1
,r74,r76,1
,r74,r92,1
,r74,r93,1
,r76,r92,1
,r76,r93,1
,r92,r93,1
,r37,r44,1
,r37,r52,1
,r37,r53,1
,r37,r80,1
,r37,r95,1
,r44,r52,1
,r44,r53,1
,r44,r80,1
,r44,r95,1
,r52,r53,1
,r52,r80,1
,r52,r95,1
,r53,r80,1
,r53,r95,1
,r80,r95,1
,r8,r13,1
,r8,r43,1
,r8,r71,1
,r8,r83,1
,r8,r96,1
,r13,r43,1
,r13,r71,1
,r13,r83,1
,r13,r96,1
,r43,r71,1
,r43,r83,1
,r43,r96,1
,r71,r83,1
,r71,r96,1
,r83,r96,1
,r21,r25,1
,r21,r28,1
,r21,r32,1
,r21,r51,1
,r21,r82,1
,r25,r28,1
,r25,r32,1
,r25,r51,1
,r25,r82,1
,r28,r32,1
,r28,r51,1
,r28,r82,1
,r32,r51,1
,r32,r82,1
,r51,r82,1
,r18,r29,1
,r18,r33,1
,r18,r47,1
,r18,r85,1
,r18,r94,1
,r29,r33,1
,r29,r47,1
,r29,r85,1
,r29,r94,1
,r33,r47,1
,r33,r85,1
,r33,r94,1
,r47,r85,1
,r47,r94,1
,r85,r94,1
,r6,r50,1
,r6,r59,1
,r6,r68,1
,r6,r75,1
,r6,r89,1
,r50,r59,1
,r50,r68,1
,r50,r75,1
,r50,r89,1
,r59,r68,1
,r59,r75,1
,r59,r89,1
,r68,r75,1
,r68,r89,1
,r75,r89,1
,r3,r20,1
,r3,r33,1
,r3,r35,1
,r3,r63,1
,r3,r94,1
,r20,r33,1
,r20,r35,1
,r20,r63,1
,r20,r94,1
,r33,r35,1
,r33,r63,1
,r33,r94,1
,r35,r63,1
,r35,r94,1
,r63,r94,1
,r24,r34,1
,r24,r65,1
,r24,r78,1
,r24,r88,1
,r24,r97,1
,r34,r65,1
,r34,r78,1
,r34,r88,1
,r34,r97,1
,r65,r78,1
,r65,r88,1
,r65,r97,1
,r78,r88,1
,r78,r97,1
,r88,r97,1
,r10,r16,1
,r10,r59,1
,r10,r69,1
,r10,r73,1
,r10,r76,1
,r16,r59,1
,r16,r69,1
,r16,r73,1
,r16,r76,1
,r59,r69,1
,r59,r73,1
,r59,r76,1
,r69,r73,1
,r69,r76,1
,r73,r76,1
,r1,r2,1
,r1,r5,1
,r1,r18,1
,r1,r32,1
,r1,r47,1
,r2,r5,1
,r2,r18,1
,r2,r32,1
,r2,r47,1
,r5,r18,1
,r5,r32,1
,r5,r47,1
,r18,r32,1
,r18,r47,1
,r32,r47,1
,r70,r71,1
,r70,r77,1
,r70,r84,1
,r70,r86,1
,r70,r98,1
,r71,r77,1
,r71,r84,1
,r71,r86,1
,r71,r98,1
,r77,r84,1
,r77,r86,1
,r77,r98,1
,r84,r86,1
,r84,r98,1
,r86,r98,1
,r11,r14,1
,r11,r29,1
,r11,r50,1
,r11,r61,1
,r11,r93,1
,r14,r29,1
,r14,r50,1
,r14,r61,1
,r14,r93,1
,r29,r50,1
,r29,r61,1
,r29,r93,1
,r50,r61,1
,r50,r93,1
,r61,r93,1
,r25,r52,1
,r25,r68,1
,r25,r72,1
,r25,r80,1
,r25,r81,1
,r52,r68,1
,r52,r72,1
,r52,r80,1
,r52,r81,1
,r68,r72,1
,r68,r80,1
,r68,r81,1
,r72,r80,1
,r72,r81,1
,r80,r81,1
,r30,r42,1
,r30,r45,1
,r30,r49,1
,r30,r87,1
,r30,r91,1
,r42,r45,1
,r42,r49,1
,r42,r87,1
,r42,r91,1
,r45,r49,1
,r45,r87,1
,r45,r91,1
,r49,r87,1
,r49,r91,1
,r87,r91,1
,r0,r17,1
,r0,r21,1
,r0,r22,1
,r0,r41,1
,r0,r64,1
,r17,r21,1
,r17,r22,1
,r17,r41,1
,r17,r64,1
,r21,r22,1
,r21,r41,1
,r21,r64,1
,r22,r41,1
,r22,r64,1
,r41,r64,1
,r36,r39,1
,r36,r53,1
,r36,r58,1
,r36,r79,1
,r36,r82,1
,r39,r53,1
,r39,r58,1
,r39,r79,1
,r39,r82,1
,r53,r58,1
,r53,r79,1
,r53,r82,1
,r58,r79,1
,r58,r82,1
,r79,r82,1
,r17,r23,1
,r17,r46,1
,r17,r54,1
,r17,r89,1
,r17,r96,1
,r23,r46,1
,r23,r54,1
,r23,r89,1
,r23,r96,1
,r46,r54,1
,r46,r89,1
,r46,r96,1
,r54,r89,1
,r54,r96,1
,r89,r96,1
,r13,r27,1
,r13,r31,1
,r13,r40,1
,r13,r44,1
,r13,r90,1
,r27,r31,1
,r27,r40,1
,r27,r44,1
,r27,r90,1
,r31,r40,1
,r31,r44,1
,r31,r90,1
,r40,r44,1
,r40,r90,1
,r44,r90,1
,r7,r28,1
,r7,r38,1
,r7,r43,1
,r7,r57,1
,r7,r95,1
,r28,r38,1
,r28,r43,1
,r28,r57,1
,r28,r95,1
,r38,r43,1
,r38,r57,1
,r38,r95,1
,r43,r57,1
,r43,r95,1
,r57,r95,1
,r6,r40,1
,r6,r48,1
,r6,r51,1
,r6,r55,1
,r6,r75,1
,r40,r48,1
,r40,r51,1
,r40,r55,1
,r40,r75,1
,r48,r51,1
,r48,r55,1
,r48,r75,1
,r51,r55,1
,r51,r75,1
,r55,r75,1
,r12,r15,1
,r12,r60,1
,r12,r67,1
,r12,r85,1
,r12,r92,1
,r15,r60,1
,r15,r67,1
,r15,r85,1
,r15,r92,1
,r60,r67,1
,r60,r85,1
,r60,r92,1
,r67,r85,1
,r67,r92,1
,r85,r92,1
,r4,r8,1
,r4,r19,1
,r4,r26,1
,r4,r37,1
,r4,r99,1
,r8,r19,1
,r8,r26,1
,r8,r37,1
,r8,r99,1
,r19,r26,1
,r19,r37,1
,r19,r99,1
,r26,r37,1
,r26,r99,1
,r37,r99,1
,r9,r56,1
,r9,r62,1
,r9,r66,1
,r9,r74,1
,r9,r83,1
,r56,r62,1
,r56,r66,1
,r56,r74,1
,r56,r83,1
,r62,r66,1
,r62,r74,1
,r62,r83,1
,r66,r74,1
,r66,r83,1
,r74,r83,1
,r19,r28,1
,r19,r32,1
,r19,r38,1
,r19,r52,1
,r19,r55,1
,r28,r32,1
,r28,r38,1
,r28,r52,1
,r28,r55,1
,r32,r38,1
,r32,r52,1
,r32,r55,1
,r38,r52,1
,r38,r55,1
,r52,r55,1
,r54,r57,1
,r54,r58,1
,r54,r60,1
,r54,r73,1
,r54,r94,1
,r57,r58,1
,r57,r60,1
,r57,r73,1
,r57,r94,1
,r58,r60,1
,r58,r73,1
,r58,r94,1
,r60,r73,1
,r60,r94,1
,r73,r94,1
,r37,r51,1
,r37,r64,1
,r37,r70,1
,r37,r80,1
,r37,r93,1
,r51,r64,1
,r51,r70,1
,r51,r80,1
,r51,r93,1
,r64,r70,1
,r64,r80,1
,r64,r93,1
,r70,r80,1
,r70,r93,1
,r80,r93,1
,r7,r14,1
,r7,r45,1
,r7,r61,1
,r7,r76,1
,r7,r79,1
,r14,r45,1
,r14,r61,1
,r14,r76,1
,r14,r79,1
,r45,r61,1
,r45,r76,1
,r45,r79,1
,r61,r76,1
,r61,r79,1
,r76,r79,1
,r11,r12,1
,r11,r27,1
,r11,r33,1
,r11,r75,1
,r11,r97,1
,r12,r27,1
,r12,r33,1
,r12,r75,1
,r12,r97,1
,r27,r33,1
,r27,r75,1
,r27,r97,1
,r33,r75,1
,r33,r97,1
,r75,r97,1
,r21,r22,1
,r21,r40,1
,r21,r42,1
,r21,r50,1
,r21,r99,1
,r22,r40,1
,r22,r42,1
,r22,r50,1
,r22,r99,1
,r40,r42,1
,r40,r50,1
,r40,r99,1
,r42,r50,1
,r42,r99,1
,r50,r99,1
,r2,r5,1
,r2,r25,1
,r2,r48,1
,r2,r63,1
,r2,r69,1
,r5,r25,1
,r5,r48,1
,r5,r63,1
,r5,r69,1
,r25,r48,1
,r25,r63,1
,r25,r69,1
,r48,r63,1
,r48,r69,1
,r63,r69,1
,r6,r41,1
,r6,r43,1
,r6,r72,1
,r6,r77,1
,r6,r82,1
,r41,r43,1
,r41,r72,1
,r41,r77,1
,r41,r82,1
,r43,r72,1
,r43,r77,1
,r43,r82,1
,r72,r77,1
,r72,r82,1
,r77,r82,1
,r0,r17,1
,r0,r26,1
,r0,r34,1
,r0,r62,1
,r0,r89,1
,r17,r26,1
,r17,r34,1
,r17,r62,1
,r17,r89,1
,r26,r34,1
,r26,r62,1
,r26,r89,1
,r34,r62,1
,r34,r89,1
,r62,r89,1
,r10,r20,1
,r10,r30,1
,r10,r44,1
,r10,r67,1
,r10,r90,1
,r20,r30,1
,r20,r44,1
,r20,r67,1
,r20,r90,1
,r30,r44,1
,r30,r67,1
,r30,r90,1
,r44,r67,1
,r44,r90,1
,r67,r90,1
,r13,r47,1
,r13,r65,1
,r13,r66,1
,r13,r87,1
,r13,r92,1
,r47,r65,1
,r47,r66,1
,r47,r87,1
,r47,r92,1
,r65,r66,1
,r65,r87,1
,r65,r92,1
,r66,r87,1
,r66,r92,1
,r87,r92,1
,r3,r8,1
,r3,r23,1
,r3,r39,1
,r3,r59,1
,r3,r98,1
,r8,r23,1
,r8,r39,1
,r8,r59,1
,r8,r98,1
,r23,r39,1
,r23,r59,1
,r23,r98,1
,r39,r59,1
,r39,r98,1
,r59,r98,1
,r9,r16,1
,r9,r29,1
,r9,r36,1
,r9,r95,1
,r9,r96,1
,r16,r29,1
,r16,r36,1
,r16,r95,1
,r16,r96,1
,r29,r36,1
,r29,r95,1
,r29,r96,1
,r36,r95,1
,r36,r96,1
,r95,r96,1
,r18,r24,1
,r18,r71,1
,r18,r74,1
,r18,r84,1
,r18,r85,1
,r24,r71,1
,r24,r74,1
,r24,r84,1
,r24,r85,1
,r71,r74,1
,r71,r84,1
,r71,r85,1
,r74,r84,1
,r74,r85,1
,r84,r85,1
,r15,r56,1
,r15,r78,1
,r15,r83,1
,r15,r88,1
,r15,r91,1
,r56,r78,1
,r56,r83,1
,r56,r88,1
,r56,r91,1
,r78,r83,1
,r78,r88,1
,r78,r91,1
,r83,r88,1
,r83,r91,1
,r88,r91,1
,r1,r4,1
,r1,r46,1
,r1,r53,1
,r1,r68,1
,r1,r86,1
,r4,r46,1
,r4,r53,1
,r4,r68,1
,r4,r86,1
,r46,r53,1
,r46,r68,1
,r46,r86,1
,r53,r68,1
,r53,r86,1
,r68,r86,1
,r9,r16,1
,r9,r35,1
,r9,r38,1
,r9,r59,1
,r9,r94,1
,r16,r35,1
,r16,r38,1
,r16,r59,1
,r16,r94,1
,r35,r38,1
,r35,r59,1
,r35,r94,1
,r38,r59,1
,r38,r94,1
,r59,r94,1
,r6,r21,1
,r6,r34,1
,r6,r51,1
,r6,r65,1
,r6,r77,1
,r21,r34,1
,r21,r51,1
,r21,r65,1
,r21,r77,1
,r34,r51,1
,r34,r65,1
,r34,r77,1
,r51,r65,1
,r51,r77,1
,r65,r77,1
,r13,r20,1
,r13,r37,1
,r13,r55,1
,r13,r60,1
,r13,r74,1
,r20,r37,1
,r20,r55,1
,r20,r60,1
,r20,r74,1
,r37,r55,1
,r37,r60,1
,r37,r74,1
,r55,r60,1
,r55,r74,1
,r60,r74,1
,r27,r28,1
,r27,r36,1
,r27,r67,1
,r27,r84,1
,r27,r88,1
,r28,r36,1
,r28,r67,1
,r28,r84,1
,r28,r88,1
,r36,r67,1
,r36,r84,1
,r36,r88,1
,r67,r84,1
,r67,r88,1
,r84,r88,1
,r26,r61,1
,r26,r62,1
,r26,r76,1
,r26,r82,1
,r26,r91,1
,r61,r62,1
,r61,r76,1
,r61,r82,1
,r61,r91,1
,r62,r76,1
,r62,r82,1
,r62,r91,1
,r76,r82,1
,r76,r91,1
,r82,r91,1
,r5,r17,1
,r5,r22,1
,r5,r46,1
,r5,r73,1
,r5,r83,1
,r17,r22,1
,r17,r46,1
,r17,r73,1
,r17,r83,1
,r22,r46,1
,r22,r73,1
,r22,r83,1
,r46,r73,1
,r46,r83,1
,r73,r83,1
,r2,r3,1
,r2,r33,1
,r2,r80,1
,r2,r87,1
,r2,r93,1
,r3,r33,1
,r3,r80,1
,r3,r87,1
,r3,r93,1
,r33,r80,1
,r33,r87,1
,r33,r93,1
,r80,r87,1
,r80,r93,1
,r87,r93,1
,r25,r35,1
,r25,r39,1
,r25,r53,1
,r25,r75,1
,r25,r92,1
,r35,r39,1
,r35,r53,1
,r35,r75,1
,r35,r92,1
,r39,r53,1
,r39,r75,1
,r39,r92,1
,r53,r75,1
,r53,r92,1
,r75,r92,1
,r4,r44,1
,r4,r58,1
,r4,r64,1
,r4,r85,1
,r4,r90,1
,r44,r58,1
,r44,r64,1
,r44,r85,1
,r44,r90,1
,r58,r64,1
,r58,r85,1
,r58,r90,1
,r64,r85,1
,r64,r90,1
,r85,r90,1
,r0,r14,1
,r0,r24,1
,r0,r48,1
,r0,r54,1
,r0,r56,1
,r14,r24,1
,r14,r48,1
,r14,r54,1
,r14,r56,1
,r24,r48,1
,r24,r54,1
,r24,r56,1
,r48,r54,1
,r48,r56,1
,r54,r56,1
,r1,r7,1
,r1,r8,1
,r1,r45,1
,r1,r52,1
,r1,r57,1
,r7,r8,1
,r7,r45,1
,r7,r52,1
,r7,r57,1
,r8,r45,1
,r8,r52,1
,r8,r57,1
,r45,r52,1
,r45,r57,1
,r52,r57,1
,r19,r30,1
,r19,r31,1
,r19,r32,1
,r19,r71,1
,r19,r99,1
,r30,r31,1
,r30,r32,1
,r30,r71,1
,r30,r99,1
,r31,r32,1
,r31,r71,1
,r31,r99,1
,r32,r71,1
,r32,r99,1
,r71,r99,1
,r40,r78,1
,r40,r86,1
,r40,r96,1
,r40,r97,1
,r40,r98,1
,r78,r86,1
,r78,r96,1
,r78,r97,1
,r78,r98,1
,r86,r96,1
,r86,r97,1
,r86,r98,1
,r96,r97,1
,r96,r98,1
,r97,r98,1
,r10,r23,1
,r10,r29,1
,r10,r31,1
,r10,r42,1
,r10,r47,1
,r23,r29,1
,r23,r31,1
,r23,r42,1
,r23,r47,1
,r29,r31,1
,r29,r42,1
,r29,r47,1
,r31,r42,1
,r31,r47,1
,r42,r47,1
,r12,r18,1
,r12,r41,1
,r12,r43,1
,r12,r63,1
,r12,r72,1
,r18,r41,1
,r18,r43,1
,r18,r63,1
,r18,r72,1
,r41,r43,1
,r41,r63,1
,r41,r72,1
,r43,r63,1
,r43,r72,1
,r63,r72,1
,r49,r66,1
,r49,r70,1
,r49,r79,1
,r49,r81,1
,r49,r89,1
,r66,r70,1
,r66,r79,1
,r66,r81,1
,r66,r89,1
,r70,r79,1
,r70,r81,1
,r70,r89,1
,r79,r81,1
,r79,r89,1
,r81,r89,1
,r15,r49,1
,r15,r50,1
,r15,r69,1
,r15,r81,1
,r15,r95,1
,r49,r50,1
,r49,r69,1
,r49,r81,1
,r49,r95,1
,r50,r69,1
,r50,r81,1
,r50,r95,1
,r69,r81,1
,r69,r95,1
,r81,r95,1
,r10,r50,1
,r10,r61,1
,r10,r65,1
,r10,r84,1
,r10,r99,1
,r50,r61,1
,r50,r65,1
,r50,r84,1
,r50,r99,1
,r61,r65,1
,r61,r84,1
,r61,r99,1
,r65,r84,1
,r65,r99,1
,r84,r99,1
,r28,r34,1
,r28,r42,1
,r28,r64,1
,r28,r81,1
,r28,r90,1
,r34,r42,1
,r34,r64,1
,r34,r81,1
,r34,r90,1
,r42,r64,1
,r42,r81,1
,r42,r90,1
,r64,r81,1
,r64,r90,1
,r81,r90,1
,r2,r11,1
,r2,r24,1
,r2,r71,1
,r2,r72,1
,r2,r77,1
,r11,r24,1
,r11,r71,1
,r11,r72,1
,r11,r77,1
,r24,r71,1
,r24,r72,1
,r24,r77,1
,r71,r72,1
,r71,r77,1
,r72,r77,1
,r16,r29,1
,r16,r38,1
,r16,r40,1
,r16,r74,1
,r16,r94,1
,r29,r38,1
,r29,r40,1
,r29,r74,1
,r29,r94,1
,r38,r40,1
,r38,r74,1
,r38,r94,1
,r40,r74,1
,r40,r94,1
,r74,r94,1
,r8,r20,1
,r8,r52,1
,r8,r70,1
,r8,r85,1
,r8,r86,1
,r20,r52,1
,r20,r70,1
,r20,r85,1
,r20,r86,1
,r52,r70,1
,r52,r85,1
,r52,r86,1
,r70,r85,1
,r70,r86,1
,r85,r86,1
,r9,r14,1
,r9,r23,1
,r9,r25,1
,r9,r47,1
,r9,r80,1
,r14,r23,1
,r14,r25,1
,r14,r47,1
,r14,r80,1
,r23,r25,1
,r23,r47,1
,r23,r80,1
,r25,r47,1
,r25,r80,1
,r47,r80,1
,r1,r30,1
,r1,r51,1
,r1,r59,1
,r1,r60,1
,r1,r96,1
,r30,r51,1
,r30,r59,1
,r30,r60,1
,r30,r96,1
,r51,r59,1
,r51,r60,1
,r51,r96,1
,r59,r60,1
,r59,r96,1
,r60,r96,1
,r12,r15,1
,r12,r17,1
,r12,r45,1
,r12,r95,1
,r12,r97,1
,r15,r17,1
,r15,r45,1
,r15,r95,1
,r15,r97,1
,r17,r45,1
,r17,r95,1
,r17,r97,1
,r45,r95,1
,r45,r97,1
,r95,r97,1
,r44,r78,1
,r44,r82,1
,r44,r83,1
,r44,r89,1
,r44,r91,1
,r78,r82,1
,r78,r83,1
,r78,r89,1
,r78,r91,1
,r82,r83,1
,r82,r89,1
,r82,r91,1
,r83,r89,1
,r83,r91,1
,r89,r91,1
,r7,r55,1
,r7,r56,1
,r7,r63,1
,r7,r67,1
,r7,r73,1
,r55,r56,1
,r55,r63,1
,r55,r67,1
,r55,r73,1
,r56,r63,1
,r56,r67,1
,r56,r73,1
,r63,r67,1
,r63,r73,1
,r67,r73,1
,r3,r6,1
,r3,r13,1
,r3,r22,1
,r3,r43,1
,r3,r57,1
,r6,r13,1
,r6,r22,1
,r6,r43,1
,r6,r57,1
,r13,r22,1
,r13,r43,1
,r13,r57,1
,r22,r43,1
,r22,r57,1
,r43,r57,1
,r5,r26,1
,r5,r27,1
,r5,r46,1
,r5,r58,1
,r5,r66,1
,r26,r27,1
,r26,r46,1
,r26,r58,1
,r26,r66,1
,r27,r46,1
,r27,r58,1
,r27,r66,1
,r46,r58,1
,r46,r66,1
,r58,r66,1
,r21,r31,1
,r21,r32,1
,r21,r48,1
,r21,r92,1
,r21,r93,1
,r31,r32,1
,r31,r48,1
,r31,r92,1
,r31,r93,1
,r32,r48,1
,r32,r92,1
,r32,r93,1
,r48,r92,1
,r48,r93,1
,r92,r93,1
,r0,r18,1
,r0,r36,1
,r0,r37,1
,r0,r87,1
,r0,r98,1
,r18,r36,1
,r18,r37,1
,r18,r87,1
,r18,r98,1
,r36,r37,1
,r36,r87,1
,r36,r98,1
,r37,r87,1
,r37,r98,1
,r87,r98,1
,r4,r49,1
,r4,r68,1
,r4,r69,1
,r4,r79,1
,r4,r88,1
,r49,r68,1
,r49,r69,1
,r49,r79,1
,r49,r88,1
,r68,r69,1
,r68,r79,1
,r68,r88,1
,r69,r79,1
,r69,r88,1
,r79,r88,1
,r19,r33,1
,r19,r35,1
,r19,r39,1
,r19,r41,1
,r19,r75,1
,r33,r35,1
,r33,r39,1
,r33,r41,1
,r33,r75,1
,r35,r39,1
,r35,r41,1
,r35,r75,1
,r39,r41,1
,r39,r75,1
,r41,r75,1
,r11,r53,1
,r11,r54,1
,r11,r62,1
,r11,r68,1
,r11,r76,1
,r53,r54,1
,r53,r62,1
,r53,r68,1
,r53,r76,1
,r54,r62,1
,r54,r68,1
,r54,r76,1
,r62,r68,1
,r62,r76,1
,r68,r76,1
